SEI,Modalidade,Criação,ETP/TR,COMLIC,Situação,Objeto,Demandante,Conclusão
168427/2017-92,RDC,13/04/2017,19/10/2023,13/06/2023,Fracassado,Obra,SUINFRA,28/3/2024
210830/2017-21,RDC,26/10/2017,20/10/2020,20/10/2020,Homologado,Obra,SUINFRA,15/12/2020
211292/2017-92,RDC,30/10/2017,05/09/2019,05/05/2020,Homologado,Obra,SUINFRA,4/12/2020
218981/2017-28,RDC,08/12/2017,25/08/2020,17/07/2020,Homologado,Obra,SUINFRA,11/12/2020
018071/2018-28,Pregão,06/04/2018,06/12/2023,08/12/2023,Homologado,Obra,SUINFRA,8/4/2024
023068/2018-26,RDC,02/05/2018,27/08/2020,28/08/2020,Homologado,Obra,SUINFRA,10/12/2020
033214/2018-21,Pregão,13/06/2018,28/01/2020,05/02/2020,Homologado,Material,SUINFRA,10/6/2020
044949/2018-81,RDC,08/08/2018,14/09/2020,15/09/2020,Homologado,Obra,SUINFRA,28/12/2020
050052/2018-96,RDC,28/08/2018,07/11/2019,10/08/2022,Homologado,Obra,SUINFRA,21/12/2022
051008/2018-01,Pregão,31/08/2018,20/11/2019,26/11/2019,Deserto,Material,CENTRO DE ESTUDOS DO MAR,25/5/2020
059985/2018-49,RDC,05/10/2018,02/03/2023,06/03/2023,Homologado,Obra,SUINFRA,14/7/2023
063974/2018-63,Pregão,24/10/2018,30/07/2020,30/07/2020,Homologado,Serviço,AGTIC,25/9/2020
065100/2018-41,Pregão,29/10/2018,18/11/2020,27/11/2020,Homologado,Serviço,SA ,6/5/2021
066075/2018-12,RDC,01/11/2018,25/05/2020,28/02/2020,Homologado,Obra,SUINFRA,24/8/2020
066420/2018-18,Pregão,05/11/2018,23/12/2020,06/01/2020,Homologado,Serviço,SUINFRA,22/7/2021
067338/2018-19,RDC,08/11/2018,10/02/2026,09/09/2020,Fracassado,Obra,SUINFRA,7/12/2020
070029/2018-18,RDC,21/11/2018,23/12/2019,07/01/2020,Homologado,Obra,SUINFRA,12/5/2020
073727/2018-75,RDC,11/12/2018,25/09/2020,04/09/2020,Homologado,Obra,SUINFRA,30/11/2020
000697/2019-69,Pregão,08/01/2019,11/11/2019,29/11/2019,Homologado,Serviço,AGTIC,20/7/2020
006361/2019-18,RDC,09/02/2019,10/09/2020,11/09/2020,Homologado,Obra,SUINFRA,22/12/2020
009644/2019-11,Pregão,20/02/2019,24/06/2021,29/06/2021,Fracassado,Serviço,SUINFRA,23/9/2021
016183/2019-25,RDC,18/03/2019,02/09/2020,24/07/2020,Suspenso,Obra,SUINFRA,26/11/2020
022969/2019-81,RDC,05/04/2019,01/11/2019,01/11/2019,Homologado,Obra,SUINFRA,4/5/2020
023162/2019-66,Pregão,08/04/2019,29/11/2019,29/11/2019,Homologado,Material,GEPEC,13/3/2020
023153/2019-75,Pregão,08/04/2019,13/11/2019,04/10/2019,Homologado,Material,GEPEC,2/4/2020
023159/2019-42,Pregão,08/04/2019,24/01/2020,28/01/2020,Homologado,Material,GEPEC,1/4/2020
026688/2019-06,Pregão,23/04/2019,04/12/2019,09/12/2019,Homologado,Serviço,CENTRO DE ESTUDOS DO MAR,17/3/2020
029339/2019-38,Pregão,02/05/2019,06/02/2020,06/02/2020,Homologado,Serviço,DEPARTAMENTO DE LOGÍSTICA,30/9/2020
031668/2019-49,Pregão,09/05/2019,18/12/2019,19/12/2019,Homologado,Serviço,GEPEC,25/3/2020
032553/2019-71,Pregão,13/05/2019,29/10/2019,25/10/2019,Homologado,Serviço,GEPEC,18/2/2020
032662/2019-99,RDC,14/05/2019,14/09/2020,15/09/2020,Homologado,Obra,SUINFRA,3/12/2020
033565/2019-13,Pregão,17/05/2019,21/08/2019,11/12/2019,Homologado,Material,CIÊNCIAS BIOLÓGICAS,23/7/2020
034225/2019-18,Pregão,21/05/2019,13/02/2020,17/02/2020,Homologado,Material,GEPEC,3/7/2020
040019/2019-39,RDC,10/06/2019,20/11/2023,07/11/2023,Homologado,Obra,SUINFRA,30/1/2024
045646/2019-66,RDC,03/07/2019,20/08/2020,12/08/2020,Homologado,Obra,SUINFRA,10/12/2020
045698/2019-32,Pregão,03/07/2019,09/03/2021,09/03/2021,Homologado,Serviço,PRA,31/5/2021
050474/2019-42,Pregão,26/07/2019,29/07/2020,06/08/2020,Fracassado,Serviço,AGTIC,11/11/2020
057163/2019-12,Pregão,16/08/2019,24/03/2021,25/03/2021,Homologado,Material,IU,12/7/2021
060938/2019-29,Pregão,28/08/2019,08/10/2019,22/10/2019,Homologado,Material,PALOTINA,18/2/2020
063328/2019-87,Pregão,04/09/2019,24/01/2020,28/01/2020,Homologado,Serviço,SUINFRA,22/4/2020
066391/2019-75,Pregão,13/09/2019,15/01/2020,03/02/2020,Homologado,Serviço,GEPEC,28/4/2020
068067/2019-91,Pregão,20/09/2019,23/09/2019,04/10/2019,Homologado,Material,ALMOXARIFADO CENTRAL,5/3/2020
068361/2019-01,Pregão,23/09/2019,09/10/2019,11/10/2019,Homologado,Material,GEPEC,12/2/2020
069208/2019-93,Pregão,25/09/2019,19/12/2019,06/01/2020,Homologado,Serviço,RU,27/3/2020
069302/2019-42,Pregão,26/09/2019,14/05/2020,14/05/2020,Homologado,Serviço,GEPEC,6/8/2020
074351/2019-05,Pregão,14/10/2019,29/10/2019,29/10/2019,Deserto,Serviço,GEPEC,21/1/2020
074385/2019-91,Pregão,14/10/2019,08/02/2020,21/01/2020,Homologado,Serviço,SUINFRA,2/6/2020
077338/2019-08,Pregão,25/10/2019,19/02/2020,17/02/2020,Homologado,Material,GEPEC,16/6/2020
077361/2019-94,Pregão,25/10/2019,13/03/2020,17/03/2020,Homologado,Serviço,Coordenação de Inclusão e Diversidade,2/6/2020
077764/2019-33,Pregão,29/10/2019,29/11/2019,29/11/2019,Homologado,Material,GEPEC,11/3/2020
077857/2019-68,Pregão,29/10/2019,20/01/2020,03/02/2020,Homologado,Material,DEPARTAMENTO DE GEOLOGIA,17/3/2020
080437/2019-69,Pregão,06/11/2019,17/01/2020,03/02/2020,Deserto,Serviço,CIÊNCIAS DA SAÚDE,25/3/2020
081038/2019-15,Pregão,08/11/2019,13/11/2019,18/11/2019,Homologado,Material,ALMOXARIFADO CENTRAL,28/2/2020
081359/2019-10,Pregão,11/11/2019,28/01/2020,03/02/2020,Homologado,Material,CIPEAD,8/5/2020
081776/2019-62,Pregão,12/11/2019,28/11/2019,05/12/2019,Homologado,Serviço,PROGRAD,24/3/2020
081830/2019-70,Pregão,12/11/2019,18/08/2020,25/06/2020,Deserto,Serviço,SUINFRA,20/11/2020
082065/2019-13,RDC,13/11/2019,10/09/2021,13/09/2021,Homologado,Obra,SUINFRA,23/6/2022
83390/2019-95,Pregão,20/11/2019,04/02/2020,07/02/2020,Homologado,Material,CIÊNCIAS DA SAÚDE,8/4/2020
083763/2019-28,Pregão,22/11/2019,28/07/2020,07/05/2020,Revogado,Serviço,SUINFRA,23/7/2020
085260/2019-97,Pregão,28/11/2019,04/05/2020,04/05/2020,Homologado,Material,GEPEC,28/9/2020
085258/2019-18,Pregão,28/11/2019,22/07/2020,23/07/2020,Homologado,Material,GEPEC,24/12/2020
085261/2019-31,Pregão,28/11/2019,11/08/2020,11/08/2020,Homologado,Material,GEPEC,12/11/2020
085399/2019-31,Pregão,29/11/2019,02/12/2019,05/12/2019,Homologado,Material,GEPEC,12/3/2020
085670/2019-38,Pregão,02/12/2019,18/01/2022,18/01/2022,Homologado,Serviço,CLIC,25/3/2022
088860/2019-15,Pregão,16/12/2019,09/01/2020,21/01/2020,Homologado,Material,DEPARTAMENTO DE ESTOMATOLOGIA,31/12/2020
001772/2020-42,Pregão,14/01/2020,21/07/2020,20/04/2020,Homologado,Serviço,PALOTINA,5/10/2020
002651/2020-18,Pregão,20/01/2020,28/04/2021,19/05/2021,Homologado,Serviço,IU,22/9/2021
003843/2020-41,RDC,24/01/2020,09/09/2021,02/09/2021,Homologado,Obra,SUINFRA,21/12/2021
004289/2020-10,Pregão,27/01/2020,18/02/2020,20/02/2020,Homologado,Material,SUINFRA,23/6/2020
004291/2020-99,Pregão,27/01/2020,18/02/2020,20/02/2020,Homologado,Material,SUINFRA,10/7/2020
004292/2020-33,Pregão,27/01/2020,18/02/2020,21/02/2020,Homologado,Material,SUINFRA,3/6/2020
004293/2020-88,Pregão,27/01/2020,18/02/2020,21/02/2020,Homologado,Material,SUINFRA,10/6/2020
004512/2020-29,Pregão,28/01/2020,01/04/2020,11/03/2020,Homologado,Material,Laboratórios de Ressonância Magnética Nuclear,21/5/2020
005089/2020-84,Pregão,30/01/2020,05/02/2020,07/02/2020,Homologado,Material,GEPEC,8/4/2020
005923/2020-31,Pregão,03/02/2020,04/02/2020,07/02/2020,Homologado,Material,GEPEC,13/4/2020
006853/2020-39,Pregão,06/02/2020,20/04/2020,20/04/2020,Homologado,Material,GEPEC,24/7/2020
007413/2020-07,Pregão,07/02/2020,20/04/2020,20/04/2020,Homologado,Serviço,GEPEC,8/6/2020
007387/2020-17,Pregão,07/02/2020,27/04/2020,04/05/2020,Homologado,Serviço,GEPEC,21/7/2020
007702/2020-06,Pregão,10/02/2020,26/06/2024,26/06/2024,Homologado,Serviço,SUINFRA,10/10/2024
009080/2020-42,Pregão,13/02/2020,04/03/2020,20/02/2020,Homologado,Material,ALMOXARIFADO CENTRAL,23/7/2020
008924/2020-38,Pregão,13/02/2020,14/04/2020,20/04/2020,Homologado,Serviço,Agência de Inovação UFPR,2/6/2020
011457/2020-23,Pregão,20/02/2020,14/09/2020,16/09/2020,Homologado,Material,AGTIC,31/3/2021
011450/2020-10,Pregão,20/02/2020,30/04/2021,23/06/2021,Revogado,Material,AGTIC,8/4/2022
011424/2020-83,Pregão,20/02/2020,27/05/2021,27/05/2021,Homologado,Serviço,AGTIC,5/8/2021
011467/2020-69,Pregão,20/02/2020,15/07/2021,15/07/2021,Homologado,Material,AGTIC,15/9/2021
011899/2020-70,Pregão,21/02/2020,21/02/2020,02/03/2020,Homologado,Material,GEPEC,29/6/2020
011737/2020-31,Pregão,21/02/2020,04/03/2020,11/03/2020,Homologado,Material,ALMOXARIFADO CENTRAL,23/7/2020
012595/2020-20,Pregão,27/02/2020,26/03/2020,31/03/2020,Homologado,Material,GEPEC,7/7/2020
012468/2020-21,Pregão,27/02/2020,29/04/2020,04/05/2020,Homologado,Material,SUINFRA,15/7/2020
012469/2020-75,Pregão,27/02/2020,19/05/2020,04/05/2020,Homologado,Material,SUINFRA,11/8/2020
012794/2020-38,Pregão,28/02/2020,03/03/2020,11/03/2020,Homologado,Material,ALMOXARIFADO CENTRAL,15/6/2020
013793/2020-19,Pregão,03/03/2020,10/03/2020,12/03/2020,Deserto,Material,DEPARTAMENTO DE GEOLOGIA,23/6/2020
015395/2020-29,RDC,06/03/2020,14/09/2023,18/11/2022,Fracassado,Obra,SUINFRA,4/3/2024
016062/2020-17,Pregão,09/03/2020,13/03/2020,16/03/2020,Homologado,Material,ALMOXARIFADO CENTRAL,23/6/2020
016866/2020-16,Pregão,11/03/2020,19/05/2020,04/05/2020,Homologado,Material,SUINFRA,10/8/2020
016960/2020-75,Pregão,11/03/2020,07/05/2020,07/05/2020,Homologado,Material,GEPEC,11/8/2020
017030/2020-39,Pregão,11/03/2020,28/07/2020,20/07/2020,Homologado,Material,SUINFRA,8/10/2020
016969/2020-86,Pregão,11/03/2020,14/05/2021,17/05/2021,Homologado,Material,CLIC,22/9/2021
020023/2020-14,Pregão,20/03/2020,27/03/2020,31/03/2020,Homologado,Material,ALMOXARIFADO CENTRAL,8/7/2020
020621/2020-93,Pregão,24/03/2020,20/04/2020,20/04/2020,Homologado,Material,GEPEC,6/7/2020
020620/2020-49,Pregão,24/03/2020,04/05/2020,04/05/2020,Homologado,Material,GEPEC,13/8/2020
021881/2020-86,Pregão,02/04/2020,04/05/2020,07/05/2020,Homologado,Material,GEPEC,30/7/2020
021933/2020-14,Pregão,02/04/2020,18/01/2021,19/01/2021,Homologado,Serviço,SUINFRA,29/3/2021
022430/2020-66,Pregão,06/04/2020,30/06/2020,07/07/2020,Homologado,Material,TOLEDO,18/9/2020
022776/2020-64,Pregão,08/04/2020,13/04/2020,13/04/2020,Deserto,Material,GEPEC,23/6/2020
022785/2020-55,Pregão,08/04/2020,08/04/2021,09/04/2021,Deserto,Serviço,SA ,1/6/2021
023189/2020-92,Pregão,13/04/2020,04/06/2020,09/06/2020,Homologado,Material,SETOR PALOTINA,6/8/2020
023391/2020-14,Pregão,14/04/2020,07/05/2020,15/06/2020,Homologado,Serviço,SETOR CIÊNCIAS DA SAÚDE,27/8/2020
023916/2020-11,Pregão,17/04/2020,29/06/2020,29/06/2020,Homologado,Material,GEPEC,5/11/2020
024102/2020-02,Pregão,20/04/2020,11/05/2020,04/05/2020,Homologado,Material,DEPTO MEDICINA,3/7/2020
024715/2020-31,Pregão,23/04/2020,25/08/2020,23/07/2020,Fracassado,Material,CIÊNCIAS BIOLÓGICAS,11/9/2020
024616/2020-50,Pregão,23/04/2020,13/08/2020,11/08/2020,Homologado,Material,CIÊNCIAS AGRÁRIAS,2/10/2020
026115/2020-16,Pregão,30/04/2020,14/07/2020,16/07/2020,Homologado,Serviço,TOLEDO,21/9/2020
027297/2020-34,Pregão,08/05/2020,20/05/2020,20/05/2020,Homologado,Material,USUP/ALMOX,2/9/2020
027718/2020-27,Pregão,12/05/2020,29/05/2020,21/05/2020,Homologado,Material,USUP/ALMOX,14/7/2020
027837/2020-80,Pregão,12/05/2020,04/06/2020,30/06/2020,Homologado,Material,SUINFRA,24/9/2020
027794/2020-32,Pregão,12/05/2020,17/09/2020,23/07/2020,Homologado,Material,SUINFRA,17/11/2020
027825/2020-55,Pregão,12/05/2020,15/10/2020,23/07/2020,Homologado,Material,SUINFRA,14/1/2021
027835/2020-91,Pregão,12/05/2020,02/10/2020,06/10/2020,Homologado,Material,SUINFRA,10/2/2021
027810/2020-97,Pregão,12/05/2020,02/10/2020,06/10/2020,Homologado,Material,SUINFRA,3/3/2021
027846/2020-71,Pregão,12/05/2020,17/11/2020,29/01/2021,Homologado,Material,SUINFRA,25/5/2021
027852/2020-28,Pregão,12/05/2020,05/04/2021,09/04/2021,Homologado,Material,SUINFRA,21/6/2021
029085/2020-91,Pregão,20/05/2020,29/05/2020,01/06/2020,Homologado,Material,GEPEC,27/7/2020
029541/2020-01,Pregão,25/05/2020,21/08/2020,25/08/2020,Homologado,Material,BIOTÉRIO,9/12/2020
029682/2020-16,Pregão,26/05/2020,07/12/2020,22/12/2020,Homologado,Material,SUINFRA,29/4/2021
029906/2020-90,Pregão,27/05/2020,29/05/2020,01/06/2020,Homologado,Material,USUP/ALMOX,17/9/2020
029940/2020-64,Pregão,27/05/2020,02/10/2020,16/03/2021,Homologado,Material,SUINFRA,21/6/2021
030083/2020-45,Pregão,28/05/2020,12/08/2020,05/08/2020,Homologado,Serviço,EDITORA,19/10/2020
030461/2020-91,Pregão,01/06/2020,05/08/2020,05/08/2020,Homologado,Serviço,PATRIMÔNIO,10/11/2020
031207/2020-18,Pregão,04/06/2020,17/08/2020,18/08/2020,Homologado,Serviço,UPCL / IFPR,26/11/2020
031512/2020-00,Pregão,08/06/2020,28/07/2020,30/07/2020,Homologado,Material,TOLEDO,7/10/2020
031459/2020-39,Pregão,08/06/2020,18/08/2020,30/07/2020,Homologado,Material,TOLEDO,15/12/2020
031530/2020-83,Pregão,08/06/2020,09/02/2021,01/03/2021,Homologado,Material,SUINFRA,1/7/2021
031539/2020-94,Pregão,08/06/2020,19/01/2022,18/01/2022,Homologado,Serviço,AGTIC,12/4/2022
031795/2020-81,Pregão,09/06/2020,26/10/2020,27/10/2020,Homologado,Material,SUINFRA,29/12/2020
031784/2020-00,Pregão,09/06/2020,14/04/2021,15/04/2021,Deserto,Material,SUINFRA,17/6/2021
032215/2020-73,Pregão,12/06/2020,16/12/2020,25/01/2021,Homologado,Serviço,SUINFRA,30/3/2021
033547/2020-75,Pregão,22/06/2020,05/02/2021,05/02/2021,Homologado,Serviço,CLOG,14/5/2021
034475/2020-83,Pregão,25/06/2020,06/08/2020,06/08/2020,Homologado,Serviço,LOGÍSTICA,23/10/2020
034460/2020-15,Pregão,25/06/2020,27/10/2020,06/10/2020,Homologado,Material,SUINFRA,30/3/2021
034478/2020-17,Pregão,25/06/2020,07/12/2020,23/02/2021,Homologado,Material,SUINFRA,28/4/2021
035896/2020-21,Pregão,03/07/2020,23/09/2020,21/01/2021,Homologado,Serviço,INTEGRA,19/2/2021
037037/2020-77,Pregão,09/07/2020,30/08/2021,13/09/2021,Homologado,Serviço,AG,11/11/2021
037819/2020-14,Pregão,14/07/2020,15/10/2020,20/10/2020,Homologado,Material,SEÇÃO DE GRUPOS ARTÍSTICOS,29/12/2020
038372/2020-92,Pregão,17/07/2020,21/09/2020,30/09/2020,Homologado,Material,TOLEDO,30/12/2020
039072/2020-21,Pregão,23/07/2020,17/08/2020,30/07/2020,Homologado,Material,USUP/ALMOX,21/12/2020
039968/2020-18,Pregão,29/07/2020,18/09/2020,21/09/2020,Homologado,Material,DEPARTAMENTO DE ENFERMAGEM,29/3/2021
039900/2020-21,Pregão,29/07/2020,15/10/2020,09/12/2020,Homologado,Material,PALOTINA,23/3/2021
040113/2020-21,Pregão,30/07/2020,11/08/2020,11/08/2020,Homologado,Material,USUP/ALMOX,10/11/2020
041662/2020-13,Pregão,06/08/2020,01/10/2020,01/10/2020,Homologado,Material,UPCL,29/1/2021
042766/2020-45,Pregão,13/08/2020,19/08/2020,20/08/2020,Homologado,Material,USUP/ALMOX,22/12/2020
044452/2020-87,Pregão,21/08/2020,01/10/2020,01/10/2020,Homologado,Serviço,UPCL,28/12/2020
044811/2020-04,Pregão,24/08/2020,15/09/2020,23/09/2020,Homologado,Material,PALOTINA,21/12/2020
048397/2020-02,Pregão,09/09/2020,06/10/2020,14/10/2020,Homologado,Material,UPCL,13/1/2021
048522/2020-76,Pregão,10/09/2020,26/10/2020,26/10/2020,Homologado,Material,UPCL,10/2/2021
049261/2020-10,Pregão,15/09/2020,11/11/2020,13/10/2020,Homologado,Material,DEPARTAMENTO DE MEDICINA INTEGRADA,24/2/2021
049514/2020-47,Pregão,16/09/2020,22/12/2020,20/01/2021,Homologado,Material,SD,31/5/2021
050001/2020-89,Pregão,17/09/2020,26/10/2020,26/10/2020,Homologado,Material,UPCL,23/2/2021
052111/2020-85,Pregão,28/09/2020,07/10/2020,07/10/2020,Homologado,Material,USUP/ALMOX,22/12/2020
052246/2020-41,Pregão,29/09/2020,19/01/2021,06/01/2020,Homologado,Material,SD,31/5/2021
052603/2020-71,Pregão,30/09/2020,26/10/2020,26/10/2020,Homologado,Serviço,RU,21/12/2020
053769/2020-12,RDC,05/10/2020,19/10/2020,20/10/2020,Homologado,Obra,SUINFRA,10/12/2020
053660/2020-77,Pregão,05/10/2020,09/12/2020,20/01/2021,Deserto,Material,HVP,11/3/2021
053720/2020-51,Pregão,05/10/2020,22/12/2020,29/01/2021,Homologado,Material,PALOTINA,1/6/2021
054088/2020-63,RDC,06/10/2020,25/10/2021,07/04/2022,Homologado,Obra,SUINFRA,17/10/2022
054368/2020-71,Pregão,07/10/2020,14/01/2021,20/01/2021,Homologado,Material,IU,30/4/2021
054382/2020-75,Pregão,07/10/2020,19/02/2021,22/02/2021,Homologado,Material,IU,14/5/2021
054496/2020-15,Pregão,07/10/2020,26/07/2021,27/07/2021,Homologado,Material,CLIC,7/12/2021
054586/2020-14,Pregão,08/10/2020,14/01/2021,14/01/2021,Homologado,Serviço,CLIC,5/3/2021
054678/2020-96,Pregão,08/10/2020,30/11/2020,28/01/2021,Homologado,Material,CLIC,9/3/2021
056283/2020-28,Pregão,15/10/2020,12/03/2021,11/02/2021,Homologado,Serviço,CLIC,23/4/2021
059189/2020-21,Pregão,26/10/2020,27/11/2020,27/11/2020,Homologado,Material,CLIC,4/3/2021
059323/2020-93,Pregão,27/10/2020,27/11/2020,03/12/2020,Homologado,Material,BIOTÉRIO,28/12/2020
059834/2020-13,Pregão,29/10/2020,22/03/2021,24/03/2021,Fracassado,Serviço,CPP-CEM,14/6/2021
060192/2020-97,Pregão,31/10/2020,25/01/2021,23/02/2021,Homologado,Material,BL,21/6/2021
061603/2020-61,Pregão,08/11/2020,26/02/2021,26/02/2021,Homologado,Material,CLIC,1/10/2021
062661/2020-11,Pregão,12/11/2020,23/12/2020,27/01/2021,Revogado,Serviço,PROGRAD,4/3/2021
063597/2020-87,Pregão,17/11/2020,27/11/2020,29/01/2021,Homologado,Material,ALMOX,17/5/2021
064118/2020-40,Pregão,19/11/2020,04/12/2020,26/01/2021,Fracassado,Serviço,PROEC,20/5/2021
0641182020-40,Pregão,19/11/2020,04/12/2020,13/07/2021,Deserto,Serviço,PROEC,30/7/2021
066474/2020-06,Pregão,02/12/2020,29/12/2020,04/01/2020,Homologado,Material,CLIC,3/5/2021
069441/2020-18,RDC,19/12/2020,19/08/2021,19/08/2021,Homologado,Obra,SUINFRA,8/12/2021
070077/2020-21,Pregão,30/12/2020,27/01/2021,29/01/2021,Fracassado,Serviço,CLIC,13/5/2021
000965/2021-67,Pregão,09/01/2021,26/02/2021,12/03/2021,Homologado,Material,AG,21/6/2021
001216/2021-57,Pregão,12/01/2021,10/02/2021,11/02/2021,Homologado,Serviço,CLIC,21/6/2021
001242/2021-85,Pregão,12/01/2021,25/06/2021,28/06/2021,Homologado,Material,CLIC,24/9/2021
001259/2021-32,Pregão,12/01/2021,26/07/2021,27/07/2021,Homologado,Material,CLIC,23/11/2021
001244/2021-74,Pregão,12/01/2021,29/11/2021,29/11/2021,Homologado,Material,CLIC,3/5/2022
001260/2021-67,Pregão,12/01/2021,02/02/2022,02/02/2022,Homologado,Material,CLIC,28/4/2022
001247/2021-16,Pregão,12/01/2021,14/07/2022,15/07/2022,Homologado,Material,CLIC,30/11/2022
001710/2021-11,Pregão,15/01/2021,27/01/2021,11/02/2021,Homologado,Material,ALMOX,21/6/2021
001236/2021-28,Pregão,21/01/2021,24/03/2021,25/03/2021,Homologado,Material,CLIC,24/6/2021
003526/2021-14,Pregão,28/01/2021,04/03/2021,18/03/2021,Homologado,Material,SD,16/6/2021
003862/2021-59,Pregão,29/01/2021,10/12/2021,14/12/2021,Homologado,Material,CLIC,29/4/2022
003865/2021-92,Pregão,29/01/2021,18/01/2022,27/01/2022,Homologado,Material,CLIC,2/5/2022
005192/2021-13,Pregão,05/02/2021,17/03/2021,29/03/2021,Homologado,Serviço,SUINFRA,11/6/2021
005189/2021-91,Pregão,05/02/2021,24/05/2021,07/06/2021,Homologado,Material,SUINFRA,11/8/2021
005196/2021-93,Pregão,05/02/2021,28/09/2021,03/09/2021,Homologado,Material,SUINFRA,2/2/2022
005973/2021-08,Pregão,10/02/2021,03/03/2021,04/03/2021,Homologado,Material,ALMOX,21/6/2021
006244/2021-61,Pregão,11/02/2021,09/03/2021,10/03/2021,Homologado,Material,ALMOX,20/7/2021
008151/2021-71,Pregão,23/02/2021,16/03/2021,17/03/2021,Homologado,Serviço,CLIC,2/6/2021
008138/2021-11,Pregão,23/02/2021,22/04/2021,22/04/2021,Homologado,Serviço,CLIC,21/6/2021
008982/2021-42,Pregão,25/02/2021,06/04/2021,09/04/2021,Homologado,Material,ALMOX,3/8/2021
008885/2021-50,Pregão,25/02/2021,08/04/2021,13/04/2021,Homologado,Material,CLIC,23/7/2021
009244/2021-12,Pregão,26/02/2021,07/05/2021,07/05/2021,Homologado,Serviço,HVC,25/6/2021
009745/2021-07,Pregão,01/03/2021,11/03/2021,29/03/2021,Homologado,Serviço,SUINFRA,24/8/2021
009742/2021-65,Pregão,01/03/2021,11/03/2021,05/04/2021,Homologado,Material,PALOTINA,12/7/2021
010700/2021-77,Pregão,04/03/2021,24/06/2021,07/07/2021,Homologado,Material,SUINFRA,22/10/2021
012093/2021-80,Pregão,09/03/2021,05/04/2021,05/04/2021,Homologado,Material,ALMOX,12/7/2021
012886/2021-07,Pregão,12/03/2021,28/04/2021,04/05/2021,Homologado,Material,SUINFRA,12/11/2021
013558/2021-10,Pregão,16/03/2021,01/06/2021,15/06/2021,Fracassado,Material,PALOTINA,28/7/2021
014229/2021-96,Pregão,18/03/2021,22/07/2021,27/07/2021,Homologado,Material,SUINFRA,18/11/2021
014322/2021-09,Pregão,19/03/2021,03/03/2023,02/03/2023,Fracassado,Serviço,CLIC,17/4/2023
014869/2021-04,Pregão,23/03/2021,01/10/2021,01/10/2021,Homologado,Serviço,SUINFRA,23/12/2021
016821/2021-22,Pregão,05/04/2021,16/04/2021,19/04/2021,Homologado,Material,ALMOX,6/8/2021
016818/2021-17,Pregão,05/04/2021,30/04/2021,18/05/2021,Homologado,Material,BL,10/8/2021
017148/2021-48,Pregão,06/04/2021,25/04/2022,29/04/2022,Homologado,Material,CLIC,23/9/2022
018075/2021-10,Pregão,12/04/2021,03/05/2021,04/05/2021,Homologado,Material,ALMOX,15/9/2021
018669/2021-12,Pregão,14/04/2021,07/06/2021,08/06/2021,Fracassado,Material,CLIC,23/8/2021
019001/2021-92,Pregão,15/04/2021,17/06/2021,08/06/2021,Homologado,Material,ET,16/8/2021
019788/2021-92,Pregão,19/04/2021,03/04/2021,30/04/2021,Homologado,Material,CLIC,1/7/2021
019798/2021-28,Pregão,19/04/2021,24/05/2021,24/05/2021,Homologado,Material,CLIC,5/8/2021
019811/2021-49,Pregão,19/04/2021,26/07/2021,26/07/2021,Homologado,Serviço,CLIC,3/11/2021
019687/2021-11,Pregão,19/04/2021,28/07/2021,04/08/2021,Homologado,Material,SUINFRA,19/11/2021
020231/2021-02,Pregão,22/04/2021,25/11/2021,14/11/2021,Homologado,Serviço,CLOG,5/1/2022
022752/2021-96,Pregão,04/05/2021,09/08/2021,10/08/2021,Homologado,Material,CLIC,8/12/2021
022753/2021-31,Pregão,04/05/2021,20/09/2021,21/09/2021,Homologado,Material,CLIC,20/5/2022
022754/2021-85,Pregão,04/05/2021,04/02/2022,07/02/2022,Homologado,Material,CLIC,18/7/2022
023268/2021-84,Pregão,06/05/2021,28/05/2021,09/06/2021,Homologado,Material,SUINFRA,1/9/2021
023271/2021-06,Pregão,06/05/2021,02/06/2021,09/06/2021,Homologado,Material,SUINFRA,19/11/2021
023782/2021-10,Pregão,10/05/2021,04/04/2022,05/04/2022,Homologado,Serviço,AGTIC,4/5/2022
024474/2021-10,Pregão,12/05/2021,24/06/2021,09/07/2021,Homologado,Material,SUINFRA,21/10/2021
024452/2021-41,Pregão,12/05/2021,24/09/2021,29/09/2021,Homologado,Material,SUINFRA,14/1/2022
025610/2021-81,Pregão,18/05/2021,08/06/2021,22/06/2021,Homologado,Material,CT,25/11/2021
025867/2021-32,Pregão,19/05/2021,17/06/2021,22/06/2021,Homologado,Material,SA ,30/8/2021
027519/2021-08,Pregão,27/05/2021,09/07/2021,12/07/2021,Homologado,Material,BL,26/10/2021
027844/2021-62,Pregão,28/05/2021,13/07/2021,10/08/2021,Homologado,Material,PALOTINA,12/11/2021
029420/2021-32,Pregão,08/06/2021,17/08/2021,19/08/2021,Deserto,Material,CLIC,28/9/2021
029415/2021-20,Pregão,08/06/2021,06/10/2021,07/10/2021,Homologado,Material,CLIC,17/3/2022
029404/2021-40,Pregão,08/06/2021,13/06/2022,14/06/2022,Homologado,Material,CLIC,8/12/2022
029811/2021-57,Pregão,09/06/2021,11/08/2021,11/08/2021,Fracassado,Serviço,RU,20/9/2021
031532/2021-53,Pregão,17/06/2021,22/11/2021,25/02/2022,Homologado,Material,AGTIC,21/6/2022
032056/2021-98,Pregão,21/06/2021,22/09/2021,24/09/2021,Homologado,Serviço,SUINFRA,19/11/2021
033846/2021-91,Pregão,01/07/2021,09/07/2021,12/07/2021,Homologado,Material,CLIC,23/8/2021
034115/2021-62,Pregão,02/07/2021,03/03/2023,07/03/2023,Homologado,Material,SUINFRA,15/8/2023
034106/2021-71,Pregão,02/07/2021,03/03/2023,07/03/2023,Homologado,Material,SUINFRA,14/7/2023
034099/2021-16,Pregão,02/07/2021,03/03/2023,08/03/2023,Homologado,Material,SUINFRA,21/7/2023
034116/2021-15,Pregão,02/07/2021,09/03/2023,13/03/2023,Homologado,Material,SUINFRA,10/8/2023
034348/2021-65,Pregão,05/07/2021,20/08/2021,24/08/2021,Homologado,Material,AG,1/10/2021
035213/2021-17,Pregão,08/07/2021,09/08/2021,09/08/2021,Homologado,Material,ALMOX,25/11/2021
035221/2021-63,Pregão,08/07/2021,06/10/2021,10/08/2021,Homologado,Material,ALMOX,8/12/2021
036144/2021-69,RDC,13/07/2021,09/11/2022,09/11/2022,Homologado,Obra,SUINFRA,2/6/2023
036702/2021-96,Pregão,16/07/2021,03/09/2021,13/09/2021,Homologado,Material,SD,12/1/2022
036837/2021-51 ,Pregão,16/07/2021,23/09/2021,23/09/2021,Homologado,Material,CLIC,3/2/2022
036838/2021-04,Pregão,16/07/2021,01/12/2021,01/12/2021,Homologado,Material,CLIC,29/4/2022
038784/2021-11,Pregão,20/07/2021,09/09/2021,14/09/2021,Homologado,Material,SUINFRA,8/12/2021
037219/2021-29,Pregão,20/07/2021,23/09/2021,23/09/2021,Homologado,Material,BL,23/12/2021
037395/2021-61,Pregão,21/07/2021,20/12/2021,10/12/2021,Homologado,Material,SD,11/5/2022
038834/2021-52,Pregão,28/07/2021,09/08/2021,10/08/2021,Homologado,Material,ALMOX,23/11/2021
039142/2021-21,Pregão,30/07/2021,05/11/2021,05/11/2021,Homologado,Serviço,CLIC,25/1/2022
039483/2021-05,Pregão,02/08/2021,30/09/2021,07/10/2021,Homologado,Material,SIPAD,4/1/2022
040834/2021-12,Pregão,09/08/2021,13/09/2021,16/09/2021,Fracassado,Material,CPP-CEM,13/1/2022
041118/2021-52,Pregão,11/08/2021,19/10/2021,22/12/2021,Homologado,Serviço,CLIC,30/1/2022
041165/2021-04,Pregão,11/08/2021,12/07/2022,12/07/2022,Homologado,Serviço,CENTRAN,26/9/2022
041461/2021-05,Pregão,12/08/2021,19/10/2021,21/10/2021,Homologado,Material,PALOTINA,16/3/2022
041496/2021-36,Pregão,12/08/2021,11/03/2022,28/03/2022,Homologado,Serviço,AG,13/6/2022
042289/2021-07,Pregão,17/08/2021,02/09/2021,24/09/2021,Homologado,Material,PALOTINA,5/2/2022
042514/2021-05,Pregão,18/08/2021,22/11/2021,13/09/2021,Homologado,Material,AG,4/1/2022
045768/2021-77,Pregão,27/08/2021,10/12/2021,03/01/2022,Homologado,Material,SUINFRA,15/9/2022
045982/2021-23,Pregão,30/08/2021,24/11/2021,24/11/2021,Homologado,Serviço,CPP-CEM,21/12/2021
046856/2021-96,Pregão,01/09/2021,05/11/2021,10/11/2021,Homologado,Material,SUINFRA,24/6/2022
047049/2021-91,Pregão,01/09/2021,29/11/2021,05/11/2021,Homologado,Material,PALOTINA,26/5/2022
047450/2021-21,Pregão,03/09/2021,01/12/2022,06/12/2022,Homologado,Serviço,BL,8/2/2023
048372/2021-81,Pregão,09/09/2021,06/10/2021,15/10/2021,Homologado,Material,ALMOX,26/1/2022
049117/2021-56,Pregão,13/09/2021,19/10/2021,21/10/2021,Homologado,Material,ALMOX,25/1/2022
051838/2021-26,Pregão,20/09/2021,05/01/2022,05/01/2022,Homologado,Serviço,CLIC,4/4/2022
054600/2021-52,Pregão,29/09/2021,12/11/2021,22/11/2021,Homologado,Material,SUINFRA,5/4/2022
054595/2021-88,Pregão,29/09/2021,10/11/2021,19/11/2021,Homologado,Material,SUINFRA,22/3/2022
055170/2021-96,Pregão,30/09/2021,27/12/2021,25/01/2022,Homologado,Material,PROGEPE,22/7/2022
057843/2021-42,Pregão,08/10/2021,14/10/2021,14/10/2021,Homologado,Material,CLIC,11/11/2021
057842/2021-06,Pregão,08/10/2021,05/04/2022,30/05/2022,Homologado,Serviço,CLOG,12/7/2022
059084/2021-52,Pregão,15/10/2021,05/11/2021,05/11/2021,Homologado,Material,ALMOX,2/5/2022
061460/2021-79,Pregão,25/10/2021,07/02/2022,21/02/2022,Homologado,Material,PROGEPE,18/7/2022
063066/2021-75,Pregão,03/11/2021,24/11/2021,23/11/2021,Homologado,Serviço,CLOG,5/1/2022
063231/2021-99,Pregão,04/11/2021,01/12/2021,01/01/2021,Homologado,Material,PALOTINA,3/5/2022
063926/2021-71,Pregão,08/11/2021,25/03/2022,28/03/2022,Homologado,Serviço,EDITORA,28/7/2022
064461/2021-75,Pregão,09/11/2021,09/02/2022,03/03/2022,Homologado,Material,SUINFRA,28/6/2022
064675/2021-41,Pregão,10/11/2021,07/07/2022,13/07/2022,Homologado,Serviço,PALOTINA,31/10/2022
066065/2021-82,Pregão,16/11/2021,18/02/2022,18/02/2022,Homologado,Serviço,PROEC,6/6/2022
065849/2021-93,Pregão,16/11/2021,18/02/2022,21/02/2022,Homologado,Serviço,CLIC,28/4/2022
068283/2021-51,Pregão,24/11/2021,30/11/2021,15/12/2021,Homologado,Material,PALOTINA,17/2/2022
068980/2021-11,Pregão,29/11/2021,09/12/2021,09/12/2021,Homologado,Material,ALMOX,25/3/2022
069029/2021-71,Pregão,29/11/2021,18/03/2022,20/06/2022,Homologado,Material,CLIC,25/7/2022
070794/2021-33,Pregão,03/12/2021,09/12/2021,09/12/2021,Homologado,Material,CLIC,17/2/2022
074789/2021-08,Pregão,29/12/2021,13/01/2022,13/01/2022,Homologado,Material,PROEC,4/4/2022
000110/2022-17,Pregão,03/01/2022,18/02/2022,21/02/2022,Homologado,Serviço,CLIC,20/5/2022
000140/2022-23,Pregão,03/01/2022,03/02/2022,04/03/2022,Homologado,Serviço,CLIC,21/6/2022
000134/2022-76,Pregão,03/01/2022,03/03/2022,04/03/2022,Homologado,Serviço,CLIC,21/6/2022
000386/2022-03,Pregão,05/01/2022,02/02/2022,02/02/2022,Homologado,Serviço,CLIC,20/5/2022
000374/2022-71,Pregão,05/01/2022,15/03/2022,16/03/2022,Homologado,Material,CLIC,20/5/2022
000969/2022-26,Pregão,10/01/2022,21/01/2022,26/01/2022,Homologado,Material,PALOTINA,6/6/2022
000942/2022-33,Pregão,10/01/2022,26/01/2022,26/01/2022,Homologado,Material,ALMOX,7/6/2022
000978/2022-17,Pregão,10/01/2022,19/07/2022,25/07/2022,Homologado,Serviço,GR,30/11/2022
001866/2022-83,Pregão,17/01/2022,12/11/2024,12/11/2024,Homologado,Obra,SUINFRA,15/1/2025
002456/2022-50,Pregão,19/01/2022,18/07/2022,04/07/2022,Revogado,Material,IU,20/9/2022
002396/2022-75,Pregão,19/01/2022,11/07/2022,11/07/2022,Homologado,Serviço,SUINFRA,27/10/2022
002446/2022-14,Pregão,19/01/2022,17/10/2022,29/09/2022,Homologado,Material,IU,9/12/2022
002547/2022-95,Pregão,20/01/2022,18/02/2022,21/02/2022,Homologado,Material,CLIC,12/7/2022
002757/2022-83,Pregão,21/01/2022,28/01/2022,31/01/2022,Homologado,Material,ALMOX,9/6/2022
002990/2022-66,Pregão,24/01/2022,08/02/2022,21/02/2022,Fracassado,Material,BL,9/5/2022
003114/2022-57,Pregão,24/01/2022,22/02/2022,03/03/2022,Homologado,Serviço,IU,6/6/2022
002960/2022-50,Pregão,24/01/2022,14/03/2022,14/03/2022,Homologado,Material,BL,12/7/2022
003065/2022-52,Pregão,24/01/2022,01/04/2022,01/04/2022,Homologado,Serviço,SUINFRA,24/6/2022
003553/2022-60,Pregão,26/01/2022,04/06/2022,14/06/2022,Homologado,Material,SEPT,16/9/2022
003963/2022-19,Pregão,28/01/2022,05/04/2022,12/04/2022,Homologado,Material,SUINFRA,16/3/2023
003969/2022-88,Pregão,28/01/2022,01/08/2022,02/08/2022,Fracassado,Material,SUINFRA,15/8/2022
003975/2022-35,Pregão,28/01/2022,10/11/2022,11/11/2022,Homologado,Serviço,SUINFRA,31/3/2023
003972/2022-00,Pregão,28/01/2022,12/12/2022,03/01/2023,Homologado,Material,SUINFRA,24/4/2023
004552/2022-32,Pregão,01/02/2022,14/03/2022,15/03/2022,Homologado,Material,CLIC,20/7/2022
004555/2022-76,Pregão,01/02/2022,18/05/2022,19/05/2022,Homologado,Material,CLIC,26/9/2022
004556/2022-11,Pregão,01/02/2022,22/06/2022,23/06/2022,Homologado,Material,CLIC,25/10/2022
006153/2022-14,Pregão,07/02/2022,30/03/2022,30/03/2022,Homologado,Serviço,INTEGRA,14/6/2022
006793/2022-16,Pregão,08/02/2022,06/03/2022,08/03/2022,Homologado,Material,CLIC,23/6/2022
006992/2022-24,Pregão,09/02/2022,20/04/2023,20/04/2023,Homologado,Serviço,AGTIC,11/7/2023
007256/2022-93,Pregão,10/02/2022,06/03/2022,08/03/2022,Homologado,Material,ALMOX,19/10/2022
007624/2022-01,Pregão,11/02/2022,18/02/2022,08/03/2022,Homologado,Material,PALOTINA,14/6/2022
009536/2022-36,Pregão,17/02/2022,03/07/2022,04/07/2022,Homologado,Serviço,AGTIC,21/11/2022
010841/2022-71,Pregão,21/02/2022,30/03/2022,31/03/2022,Homologado,Material,CLIC,12/9/2022
011510/2022-58,Pregão,23/02/2022,23/03/2022,29/03/2022,Homologado,Material,PALOTINA,23/8/2022
012678/2022-81,Pregão,03/03/2022,28/03/2022,30/03/2022,Homologado,Material,ALMOX,18/7/2022
013093/2022-88,Pregão,04/03/2022,30/03/2022,31/03/2022,Homologado,Material,CLIC,14/9/2022
013090/2022-44,Pregão,04/03/2022,18/05/2022,23/05/2022,Homologado,Material,CLIC,21/10/2022
013155/2022-51,Pregão,04/03/2022,13/06/2022,14/06/2022,Homologado,Material,CLIC,5/12/2022
013133/2022-91,Pregão,04/03/2022,01/02/2023,26/01/2023,Homologado,Material,CLIC,5/6/2023
013102/2022-31,Pregão,04/03/2022,11/07/2023,10/07/2023,Homologado,Serviço,SUINFRA,11/10/2023
013530/2022-63,Pregão,08/03/2022,28/03/2022,28/03/2022,Homologado,Serviço,RU,16/5/2022
014784/2022-07,Pregão,11/03/2022,27/06/2022,04/07/2022,Homologado,Serviço,SPIN,3/10/2022
015347/2022-01,Pregão,14/03/2022,30/03/2022,30/03/2022,Homologado,Material,ALMOX,23/9/2022
016106/2022-71,Pregão,17/03/2022,18/05/2022,18/05/2022,Deserto,Serviço,SD,13/7/2022
016301/2022-09,Pregão,17/03/2022,12/07/2022,12/07/2022,Homologado,Serviço,AGTIC,30/9/2022
016342/2022-97,Pregão,17/03/2022,29/07/2022,29/07/2022,Homologado,Material,AGTIC,19/12/2022
016156/2022-58,Pregão,17/03/2022,01/11/2022,01/11/2022,Homologado,Serviço,CT,20/12/2022
016843/2022-73,Pregão,21/03/2022,09/05/2022,11/05/2022,Fracassado,Material,BL,12/8/2022
017939/2022-59,Pregão,24/03/2022,22/06/2022,23/06/2022,Homologado,Material,BL,7/11/2022
019565/2022-14,Pregão,30/03/2022,17/10/2022,26/10/2022,Homologado,Serviço,AGTIC,18/1/2023
019727/2022-14,Pregão,31/03/2022,04/05/2022,06/05/2022,Homologado,Material,SUINFRA,18/10/2022
019731/2022-74,Pregão,31/03/2022,27/06/2022,27/06/2022,Homologado,Material,SUINFRA,4/11/2022
020734/2022-51,Pregão,04/04/2022,05/04/2022,07/04/2022,Homologado,Material,SUINFRA,10/10/2022
020446/2022-04,Pregão,04/04/2022,03/06/2022,06/06/2022,Homologado,Serviço,SUINFRA,2/9/2022
020672/2022-87,Pregão,04/04/2022,19/08/2022,29/08/2022,Fracassado,Material,SUINFRA,5/10/2022
021097/2022-30,Pregão,05/04/2022,09/05/2022,27/05/2022,Homologado,Material,SD,20/9/2022
021065/2022-34,Pregão,05/04/2022,29/03/2023,31/03/2023,Deserto,Serviço,PALOTINA,9/5/2023
021676/2022-82,Pregão,07/04/2022,15/01/2024,15/01/2024,Homologado,Obra,SUINFRA,21/3/2024
022118/2022-34,RDC,08/04/2022,27/10/2023,15/09/2023,Revogado,Obra,SUINFRA,18/12/2023
023906/2022-48,Pregão,19/04/2022,17/06/2022,22/06/2022,Homologado,Material,BL,24/10/2022
025008/2022-24,Pregão,25/04/2022,03/05/2022,03/05/2022,Homologado,Serviço,CLIC,23/6/2022
025609/2022-37,Pregão,26/04/2022,15/09/2022,21/09/2022,Homologado,Serviço,SUINFRA,6/12/2022
026872/2022-43,Pregão,29/04/2022,09/05/2022,19/05/2022,Homologado,Material,BL,13/9/2022
026944/2022-52,Concorrência,29/04/2022,17/10/2024,18/10/2024,Homologado,Obra,SUINFRA,14/4/2025
027086/2022-63,Pregão,02/05/2022,01/08/2022,29/07/2022,Homologado,Serviço,CLIC,8/11/2022
027657/2022-60,Pregão,03/05/2022,20/06/2022,04/07/2022,Homologado,Serviço,PALOTINA,24/10/2022
028363/2022-55,Pregão,05/05/2022,26/05/2022,20/06/2022,Homologado,Material,SD,16/9/2022
028752/2022-81,Pregão,06/05/2022,18/05/2022,18/05/2022,Homologado,Serviço,CLIC,12/7/2022
030719/2022-11,Pregão,16/05/2022,20/05/2022,24/05/2022,Homologado,Material,ALMOX,23/9/2022
030628/2022-85,Pregão,16/05/2022,27/05/2022,31/05/2022,Homologado,Serviço,AGTIC,21/7/2022
030582/2022-02,Pregão,16/05/2022,25/05/2022,06/06/2022,Deserto,Material,ET,8/8/2022
030906/2022-02,Pregão,17/05/2022,19/07/2022,04/07/2022,Homologado,Material,SA ,28/9/2022
031073/2022-99,Pregão,17/05/2022,18/07/2022,04/07/2022,Homologado,Material,IU,21/10/2022
031970/2022-01,Pregão,20/05/2022,13/06/2022,14/06/2022,Fracassado,Material,CPP-CEM,12/8/2022
032760/2022-21,Pregão,24/05/2022,04/07/2022,04/07/2022,Homologado,Material,SUINFRA,18/1/2023
033101/2022-11,Pregão,25/05/2022,27/05/2022,06/06/2022,Homologado,Material,SUINFRA,1/2/2023
034352/2022-12,Pregão,31/05/2022,05/07/2022,06/07/2022,Homologado,Serviço,RU,15/9/2022
034326/2022-86,Pregão,31/05/2022,02/08/2022,04/07/2022,Homologado,Material,SD,19/10/2022
034295/2022-63,Pregão,31/05/2022,25/07/2022,25/07/2022,Homologado,Material,BC,20/10/2022
034146/2022-02,Pregão,31/05/2022,24/11/2023,24/11/2023,Homologado,Material,SUINFRA,27/12/2023
034704/2022-21,Pregão,01/06/2022,24/06/2022,04/07/2022,Homologado,Serviço,SD,3/10/2022
035347/2022-19,Pregão,03/06/2022,20/06/2022,05/07/2022,Homologado,Material,SEPT,20/10/2022
035101/2022-47,Pregão,03/06/2022,25/07/2022,18/07/2022,Homologado,Material,BL,11/10/2022
035449/2022-34,Pregão,06/06/2022,17/04/2023,17/04/2023,Homologado,Serviço,SUINFRA,26/5/2023
036846/2022-23,Pregão,09/06/2022,29/07/2022,29/07/2022,Homologado,Material,CLIC,19/12/2022
039447/2022-14,Pregão,20/06/2022,21/07/2022,25/07/2022,Homologado,Serviço,SA ,20/10/2022
039405/2022-83,Pregão,20/06/2022,26/08/2022,26/08/2022,Homologado,Material,CLIC,7/2/2023
039411/2022-31,Pregão,20/06/2022,12/06/2023,07/06/2023,Homologado,Material,CLIC,31/8/2023
040541/2022-16,Pregão,23/06/2022,06/10/2022,06/10/2022,Homologado,Material,ET,22/11/2022
040571/2022-22,Pregão,23/06/2022,11/10/2022,13/10/2022,Fracassado,Serviço,CLIC,5/12/2022
041322/2022-54,Pregão,27/06/2022,22/07/2022,25/07/2022,Homologado,Material,TL,8/12/2022
042321/2022-27,Pregão,29/06/2022,12/07/2022,25/07/2022,Homologado,Material,SD,19/10/2022
042485/2022-54,Pregão,30/06/2022,09/08/2022,11/08/2022,Homologado,Material,SUINFRA,31/1/2023
042442/2022-79,Pregão,30/06/2022,09/08/2022,15/08/2022,Homologado,Material,SUINFRA,13/12/2022
042446/2022-57,Pregão,30/06/2022,17/08/2022,25/08/2022,Homologado,Material,SUINFRA,26/5/2023
042455/2022-48,Pregão,30/06/2022,17/08/2022,29/08/2022,Homologado,Material,SUINFRA,20/3/2023
042449/2022-91,Pregão,30/06/2022,31/08/2022,02/09/2022,Homologado,Material,SUINFRA,29/3/2023
042492/2022-56,Pregão,30/06/2022,06/06/2023,05/06/2023,Homologado,Serviço,SUINFRA,21/8/2023
044030/2022-73,Pregão,06/07/2022,12/07/2022,13/07/2022,Homologado,Material,CLIC,23/9/2022
044424/2022-21,Pregão,07/07/2022,02/08/2022,03/08/2022,Deserto,Serviço,BL,28/9/2022
044813/2022-57,Pregão,11/07/2022,12/07/2022,25/07/2022,Homologado,Material,SD,24/10/2022
045829/2022-87,Pregão,15/07/2022,26/09/2022,26/09/2022,Homologado,Serviço,CLIC,23/1/2023
045826/2022-43,Pregão,15/07/2022,19/10/2022,19/10/2022,Homologado,Serviço,CLIC,8/12/2022
046775/2022-77,Pregão,20/07/2022,20/07/2022,29/07/2022,Homologado,Material,BL,4/11/2022
046735/2022-25,Pregão,20/07/2022,10/08/2022,10/08/2022,Homologado,Material,ALMOX,20/12/2022
048169/2022-96,Pregão,27/07/2022,06/09/2022,06/09/2022,Homologado,Material,AG,19/12/2022
048702/2022-10,Pregão,29/07/2022,31/08/2022,06/09/2022,Homologado,Material,SUINFRA,21/11/2022
049073/2022-45,Pregão,01/08/2022,24/08/2022,26/08/2022,Homologado,Material,SUINFRA,1/2/2023
050131/2022-83,RDC,03/08/2022,01/03/2023,02/03/2023,Fracassado,Obra,SUINFRA,3/8/2023
050195/2022-84,Pregão,03/08/2022,07/02/2023,02/02/2023,Homologado,Material,CLIC,16/5/2023
050330/2022-91,RDC,04/08/2022,28/02/2023,27/01/2023,Fracassado,Obra,SUINFRA,30/6/2023
052328/2022-57,Pregão,12/08/2022,26/08/2022,26/08/2022,Homologado,Serviço,CLIC,4/11/2022
052268/2022-72,Pregão,12/08/2022,04/01/2023,05/01/2023,Homologado,Serviço,AGTIC,24/2/2023
052469/2022-70,Pregão,15/08/2022,23/01/2023,23/01/2023,Homologado,Serviço,AGTIC,6/4/2023
052996/2022-84,Pregão,16/08/2022,02/09/2022,02/09/2022,Homologado,Material,PALOTINA,19/12/2022
052829/2022-33,Pregão,16/08/2022,19/10/2022,14/10/2022,Homologado,Material,CLIC,17/1/2023
052833/2022-00,Pregão,16/08/2022,30/11/2022,30/11/2022,Homologado,Material,CLIC,17/2/2023
052841/2022-48,Pregão,16/08/2022,23/12/2022,21/12/2022,Homologado,Material,CLIC,23/5/2023
052830/2022-68,Pregão,16/08/2022,01/11/2022,31/10/2022,Homologado,Material,CLIC,3/3/2023
052882/2022-34,Pregão,16/08/2022,16/08/2022,13/02/2023,Homologado,Material,SEPT,27/3/2023
054026/2022-13,Pregão,22/08/2022,24/08/2022,26/08/2022,Homologado,Material,BL,24/11/2022
054569/2022-31,Pregão,23/08/2022,06/09/2022,29/08/2022,Homologado,Material,ALMOX,19/12/2022
054834/2022-81,Pregão,24/08/2022,06/09/2022,06/09/2022,Homologado,Material,ALMOX,24/11/2022
055456/2022-52,Pregão,26/08/2022,02/09/2022,19/09/2022,Fracassado,Material,PALOTINA,1/12/2022
055680/2022-44,Pregão,29/08/2022,06/09/2022,06/09/2022,Homologado,Material,PALOTINA,31/10/2022
055811/2022-93,Pregão,29/08/2022,21/09/2022,22/09/2022,Homologado,Material,ALMOX,18/1/2023
055694/2022-68,Pregão,29/08/2022,09/03/2023,15/03/2023,Homologado,Material,SUINFRA,10/7/2023
056063/2022-66,Pregão,30/08/2022,13/10/2022,14/10/2022,Homologado,Serviço,SUINFRA,18/1/2023
058047/2022-16,Pregão,12/09/2022,07/12/2023,06/11/2023,Fracassado,Serviço,SUINFRA,9/1/2024
059768/2022-35,Pregão,19/09/2022,23/09/2022,23/09/2022,Homologado,Material,CLIC,24/10/2022
061158/2022-00,Concorrência,26/09/2022,02/05/2024,07/03/2024,Homologado,Obra,SUINFRA,23/7/2024
062842/2022-09,Pregão,03/10/2022,02/04/2023,05/04/2023,Homologado,Serviço,IU,20/10/2023
063516/2022-19,Pregão,05/10/2022,08/12/2022,08/12/2022,Homologado,Material,CLIC,21/3/2023
065470/2022-64,Pregão,13/10/2022,06/09/2023,11/09/2023,Homologado,Material,AGTIC,19/12/2023
067091/2022-17,Pregão,19/10/2022,10/11/2022,09/11/2022,Homologado,Serviço,CLIC,2/1/2023
069569/2022-35,Pregão,27/10/2022,16/01/2024,19/01/2024,Homologado,Serviço,SGA,5/4/2024
070185/2022-65,Pregão,01/11/2022,21/11/2022,30/11/2022,Homologado,Material,SUINFRA,11/4/2023
070181/2022-87,Pregão,01/11/2022,26/01/2023,25/01/2023,Homologado,Serviço,BL,12/4/2023
070715/2022-75,Pregão,03/11/2022,21/11/2022,21/11/2022,Homologado,Material,ALMOX,10/2/2023
070827/2022-26,Pregão,03/11/2022,20/11/2022,22/11/2022,Homologado,Material,IU,8/2/2023
075644/2022-05,Pregão,29/11/2022,11/04/2023,11/04/2023,Homologado,Serviço,RU,14/6/2023
076618/2022-96,Pregão,02/12/2022,12/12/2022,28/12/2022,Homologado,Material,PALOTINA,16/2/2023
077534/2022-70,Pregão,08/12/2022,15/12/2022,12/12/2022,Homologado,Material,ALMOX,10/4/2023
078292/2022-31,Pregão,13/12/2022,17/03/2023,15/03/2023,Homologado,Serviço,CLIC,28/4/2023
078585/2022-19,Pregão,14/12/2022,06/06/2023,16/05/2023,Homologado,Serviço,SD,19/9/2023
078768/2022-34,Pregão,15/12/2022,16/12/2022,20/12/2022,Homologado,Material,PALOTINA,17/3/2023
078721/2022-71,Pregão,15/12/2022,07/03/2023,23/02/2023,Homologado,Material,BL,25/5/2023
079880/2022-92,Pregão,22/12/2022,01/02/2023,31/01/2023,Homologado,Material,ALMOX,23/5/2023
000333/2023-65,Pregão,03/01/2023,30/01/2023,27/02/2023,Homologado,Material,SUINFRA,4/5/2023
000377/2023-95,Pregão,04/01/2023,02/04/2023,27/03/2023,Homologado,Serviço,CLIC,5/6/2023
000378/2023-30,Pregão,04/01/2023,02/04/2023,04/04/2023,Homologado,Serviço,CLIC,5/6/2023
000374/2023-51,Pregão,04/01/2023,02/04/2023,05/04/2023,Homologado,Serviço,CLIC,17/5/2023
000380/2023-17,Pregão,04/01/2023,11/04/2023,10/04/2023,Homologado,Material,CLIC,5/7/2023
076994/2023-61,Pregão,07/01/2023,22/01/2024,19/01/2024,Homologado,Serviço,PRA/UIMP,18/4/2024
001679/2023-81,Pregão,13/01/2023,23/03/2023,14/02/2023,Homologado,Serviço,CLOG,9/5/2023
002012/2023-03,Pregão,17/01/2023,13/06/2023,16/06/2023,Homologado,Serviço,EDITORA,20/9/2023
003576/2023-55,Pregão,24/01/2023,02/06/2023,13/06/2023,Deserto,Serviço,PROEC,23/8/2023
003738/2023-55,Pregão,25/01/2023,01/03/2023,07/03/2023,Homologado,Material,SUINFRA,10/8/2023
004216/2023-71,Pregão,27/01/2023,01/02/2023,01/02/2023,Homologado,Serviço,CLIC,3/5/2023
004276/2023-93,Pregão,27/01/2023,07/02/2023,07/02/2023,Homologado,Material,IU,29/3/2023
004937/2023-81,Pregão,31/01/2023,11/04/2023,11/04/2023,Homologado,Serviço,CLOG,16/5/2023
005415/2023-04,Pregão,02/02/2023,30/05/2023,12/05/2023,Homologado,Serviço,CLOG,8/8/2023
006263/2023-59,Pregão,07/02/2023,31/03/2023,05/04/2023,Homologado,Material,SUINFRA,14/8/2023
006257/2023-00,Pregão,07/02/2023,08/04/2024,08/04/2024,Homologado,Material,SUINFRA,19/8/2024
006269/2023-26,Pregão,07/02/2023,16/04/2024,15/04/2024,Homologado,Material,SUINFRA,30/9/2024
006897/2023-10,Pregão,09/02/2023,23/02/2023,15/02/2023,Homologado,Material,ALMOX,18/4/2023
007470/2023-21,Pregão,13/02/2023,15/02/2023,24/02/2023,Homologado,Material,HVP,3/5/2023
008176/2023-36,Pregão,15/02/2023,22/02/2023,01/03/2023,Homologado,Material,BL,23/5/2023
008843/2023-81,Pregão,22/02/2023,24/02/2023,27/02/2023,Fracassado,Material,HVP,18/4/2023
009000/2023-00,Pregão,23/02/2023,24/02/2023,02/03/2023,Homologado,Material,HVP,18/4/2023
010012/2023-79,Pregão,28/02/2023,06/04/2023,06/04/2023,Deserto,Serviço,CLIC,3/5/2023
011188/2023-48,Pregão,01/03/2023,10/03/2023,06/03/2023,Homologado,Material,ALMOX,6/4/2023
011461/2023-34,Pregão,02/03/2023,07/12/2023,07/12/2023,Homologado,Serviço,SETOR DE CIÊNCIAS BIOLÓGICAS,21/2/2024
011432/2023-72,Pregão,02/03/2023,16/04/2024,15/04/2024,Homologado,Material,SUINFRA,3/9/2024
011976/2023-34,Pregão,06/03/2023,02/04/2023,29/03/2023,Homologado,Material,CLIC,21/6/2023
007249/2023-72,Pregão,10/03/2023,13/02/2023,17/02/2023,Homologado,Material,HVP,19/4/2023
013865/2023-62,Pregão,13/03/2023,24/03/2023,28/03/2023,Deserto,Material,BL,16/5/2023
013685/2023-81,Pregão,13/03/2023,17/07/2023,13/07/2023,Homologado,Serviço,SIPAD,25/9/2023
015070/2023-99,Concorrência,16/03/2023,16/10/2024,14/10/2024,Homologado,Obra,SUINFRA,20/5/2025
015276/2023-19,Pregão,17/03/2023,17/01/2024,25/01/2024,Homologado,Material,AGTIC,4/9/2024
015592/2023-91,Pregão,20/03/2023,06/05/2023,16/05/2023,Homologado,Material,CLIC,19/9/2023
015596/2023-79,Pregão,20/03/2023,10/07/2023,10/07/2023,Homologado,Material,CLIC,28/9/2023
015551/2023-02,Pregão,20/03/2023,15/08/2023,14/08/2023,Homologado,Serviço,CLIC,28/11/2023
015528/2023-18,Pregão,20/03/2023,31/10/2023,31/10/2023,Revogado,Serviço,SUCOM,2/1/2024
017997/2023-63,Pregão,27/03/2023,12/05/2023,11/05/2023,Homologado,Material,CLIC,14/6/2023
017999/2023-52,Pregão,27/03/2023,30/05/2023,30/05/2023,Homologado,Serviço,CLIC,22/6/2023
017981/2023-51,Pregão,27/03/2023,04/07/2023,05/07/2023,Homologado,Material,IU,4/9/2023
018960/2023-52,Pregão,29/03/2023,05/04/2023,11/04/2023,Homologado,Material,SUINFRA,21/6/2023
019409/2023-26,Pregão,30/03/2023,19/05/2023,22/05/2023,Homologado,Serviço,CLIC,15/6/2023
019343/2023-74,Pregão,30/03/2023,15/09/2023,18/09/2023,Homologado,Material,BL,13/12/2023
019531/2023-01,Pregão,31/03/2023,05/07/2023,04/07/2023,Homologado,Serviço,HVC,20/9/2023
020413/2023-37,Pregão,04/04/2023,28/09/2023,29/09/2023,Homologado,Serviço,CPP-CEM,28/11/2023
022100/2023-13,Pregão,11/04/2023,16/04/2024,15/04/2024,Homologado,Material,SUINFRA,11/9/2024
022635/2023-94,Pregão,12/04/2023,27/07/2023,28/07/2023,Homologado,Serviço,CENTRAN,27/9/2023
023602/2023-61,Pregão,17/04/2023,10/11/2023,07/11/2023,Homologado,Serviço,SUINFRA,23/1/2024
024121/2023-73,Pregão,18/04/2023,14/07/2023,27/07/2023,Homologado,Material,AGTIC,20/10/2023
025071/2023-41,Pregão,24/04/2023,28/09/2023,20/09/2023,Homologado,Serviço,AG,18/12/2023
025764/2023-34,Pregão,26/04/2023,18/09/2023,02/10/2023,Homologado,Material,SD,9/1/2024
025881/2023-06,Pregão,26/04/2023,21/11/2023,21/11/2023,Homologado,Serviço,SUINFRA,23/2/2024
032740/2023-31,Pregão,04/05/2023,13/06/2023,06/06/2023,Homologado,Material,ALMOX,17/8/2023
028571/2023-35,Pregão,08/05/2023,10/07/2023,07/07/2023,Homologado,Material,CLIC,13/12/2023
028574/2023-79,Pregão,08/05/2023,05/10/2023,05/10/2023,Homologado,Material,CLIC,23/2/2024
028690/2023-98,Pregão,08/05/2023,28/03/2024,28/03/2024,Homologado,Material,SUINFRA,12/8/2024
029755/2023-12,Pregão,11/05/2023,09/08/2023,10/08/2023,Homologado,Serviço,CLOG,14/12/2023
030603/2023-62,Pregão,15/05/2023,18/05/2023,17/05/2023,Homologado,Material,CLIC,14/8/2023
030605/2023-51,Pregão,15/05/2023,31/05/2023,30/05/2023,Homologado,Material,CLIC,16/10/2023
030705/2023-88,Pregão,16/05/2023,22/05/2023,29/05/2023,Homologado,Material,CLIC,4/8/2023
031238/2023-11,Pregão,17/05/2023,12/08/2024,12/08/2024,Homologado,Obra,SUINFRA,16/10/2024
032706/2023-67,Pregão,24/05/2023,19/06/2023,16/06/2023,Homologado,Material,CLIC,5/10/2023
032800/2023-16,Pregão,24/05/2023,17/07/2023,18/07/2023,Homologado,Serviço,SPIN,19/9/2023
032702/2023-89,Pregão,24/05/2023,23/01/2024,25/01/2024,Homologado,Serviço,SUCOM,14/10/2024
033060/2023-35,Pregão,25/05/2023,31/07/2023,27/07/2023,Homologado,Material,BL,24/11/2023
033064/2023-13,Pregão,25/05/2023,11/08/2023,15/08/2023,Homologado,Material,BL,24/10/2023
034181/2023-02,Pregão,31/05/2023,30/06/2023,03/07/2023,Homologado,Material,CLIC,26/9/2023
034167/2023-09,Pregão,31/05/2023,27/07/2023,24/07/2023,Homologado,Material,CT,28/9/2023
034183/2023-93,Pregão,31/05/2023,27/07/2023,28/07/2023,Homologado,Material,CLIC,17/10/2023
034184/2023-38,Pregão,31/05/2023,25/10/2023,06/11/2023,Homologado,Material,CLIC,31/1/2024
036050/2023-51,Pregão,06/06/2023,06/03/2024,07/03/2024,Homologado,Material,SUINFRA,6/8/2024
036097/2023-15,Pregão,06/06/2023,14/03/2024,15/03/2024,Revogado,Serviço,GABINETE DA REITORIA,15/7/2024
036054/2023-30,Pregão,06/06/2023,26/03/2024,26/03/2024,Homologado,Material,SUINFRA,29/8/2024
036188/2023-51,Pregão,07/06/2023,22/06/2023,22/06/2023,Homologado,Serviço,RU,19/9/2023
036367/2023-98,Pregão,07/06/2023,07/07/2023,06/07/2023,Homologado,Serviço,CLIC,30/8/2023
037282/2023-27,Pregão,14/06/2023,04/07/2023,11/07/2023,Homologado,Material,ALMOX,20/10/2023
037313/2023-40,Pregão,14/06/2023,07/09/2023,14/09/2023,Homologado,Serviço,CPP-CEM,22/11/2023
042222/2023-26,Pregão,05/07/2023,11/07/2023,18/07/2023,Homologado,Material,HVP,24/10/2023
042721/2023-13,Pregão,06/07/2023,11/07/2023,19/07/2023,Homologado,Material,HVP,19/9/2023
042611/2023-51,Pregão,06/07/2023,19/07/2023,21/07/2023,Homologado,Material,HVP,13/9/2023
043267/2023-18,Pregão,10/07/2023,28/03/2024,28/03/2024,Homologado,Material,SUINFRA,26/8/2024
044198/2023-60,Pregão,13/07/2023,15/01/2024,19/01/2024,Homologado,Serviço,PRA,8/4/2024
044201/2023-45,Pregão,13/07/2023,02/02/2024,01/02/2024,Homologado,Material,UPCL,9/7/2024
044212/2023-25,Pregão,13/07/2023,18/03/2024,15/03/2024,Homologado,Material,UPCL,9/10/2024
044516/2023-92,Pregão,17/07/2023,04/08/2023,02/08/2023,Homologado,Serviço,CLIC,9/10/2023
046533/2023-64,Pregão,26/07/2023,31/10/2023,01/11/2023,Homologado,Material,HVP,22/12/2023
046797/2023-18,Pregão,27/07/2023,09/08/2023,07/08/2023,Homologado,Material,ALMOX,13/9/2023
046801/2023-48,Pregão,27/07/2023,15/09/2023,11/09/2023,Homologado,Material,SD,1/2/2024
047945/2023-11,Pregão,01/08/2023,23/08/2023,23/08/2023,Homologado,Material,CLIC,26/12/2023
048635/2023-14 ,Pregão,03/08/2023,19/02/2024,19/02/2024,Homologado,Material,SUINFRA,12/8/2024
051518/2023-38,Pregão,14/08/2023,07/11/2023,07/11/2023,Fracassado,Material,SUCOM,14/12/2023
051550/2023-13,Pregão,14/08/2023,14/12/2023,14/12/2023,Homologado,Serviço,AGTIC,8/3/2024
051907/2023-63,Pregão,15/08/2023,03/11/2023,03/11/2023,Homologado,Material,CLIC,6/2/2024
051908/2023-16,Pregão,15/08/2023,20/11/2023,16/11/2023,Homologado,Material,CLIC,6/2/2024
053908/2023-42,Pregão,22/08/2023,16/04/2024,10/04/2024,Homologado,Material,GABINETE REITORIA,21/5/2024
054137/2023-19,Pregão,23/08/2023,21/09/2023,20/09/2023,Homologado,Material,ALMOX,6/2/2024
054504/2023-76,Concorrência,24/08/2023,17/01/2024,27/11/2023,Fracassado,Obra,SUINFRA,21/1/2025
055115/2023-68,Pregão,27/08/2023,07/11/2024,07/11/2024,Homologado,Obra,SUINFRA,30/12/2024
056055/2023-09,Pregão,30/08/2023,18/10/2023,18/10/2023,Homologado,Material,ET,10/1/2024
058099/2023-65,Pregão,11/09/2023,20/03/2024,18/03/2024,Homologado,Material,SUINFRA,9/9/2024
058086/2023-96,Pregão,11/09/2023,20/03/2024,19/03/2024,Homologado,Material,SUINFRA,16/8/2024
061134/2023-23,Pregão,22/09/2023,20/02/2024,23/02/2024,Homologado,Material,UPCL,12/8/2024
063934/2023-89,Pregão,04/10/2023,16/11/2023,22/11/2023,Homologado,Serviço,AGTIC,14/3/2024
064841/2023-71,Pregão,09/10/2023,13/11/2023,10/11/2023,Homologado,Material,ALMOX,19/2/2024
064975/2023-92,Pregão,09/10/2023,02/01/2024,02/01/2024,Homologado,Material,UPCL,20/5/2024
064981/2023-40,Pregão,09/10/2023,05/01/2024,05/01/2024,Fracassado,Serviço,UPCL,20/3/2024
064980/2023-03,Pregão,09/10/2023,25/03/2024,25/03/2024,Homologado,Material,UPCL,10/9/2024
067333/2023-45,Pregão,20/10/2023,23/11/2023,23/11/2023,Homologado,Serviço,RU,2/1/2024
067451/2023-53,Pregão,20/10/2023,13/03/2024,14/03/2024,Fracassado,Serviço,PROGEPE,12/6/2024
067638/2023-57,Pregão,23/10/2023,18/12/2023,19/12/2023,Homologado,Serviço,PROEC,19/3/2024
067931/2023-14,Pregão,24/10/2023,30/11/2023,08/12/2023,Homologado,Material,SUCOM,9/4/2024
068307/2023-34,Pregão,25/10/2023,30/11/2023,08/12/2023,Homologado,Material,SUCOM,28/2/2024
069097/2023-00,Pregão,30/10/2023,20/12/2023,19/12/2023,Homologado,Serviço,CENTRAN,12/6/2024
069428/2023-01,Pregão,31/10/2023,14/12/2023,15/12/2023,Homologado,Material,SUCOM,2/4/2024
070021/2023-19,Pregão,03/11/2023,15/02/2024,02/01/2024,Homologado,Material,SUCOM,25/3/2024
070846/2023-33,Pregão,07/11/2023,26/09/2024,08/08/2024,Homologado,Material,SUINFRA,19/3/2025
070832/2023-10,Pregão,07/11/2023,21/08/2024,21/08/2024,Homologado,Material,SUINFRA,14/1/2025
070853/2023-35,Pregão,07/11/2023,10/09/2024,10/09/2024,Homologado,Material,SUINFRA,7/4/2025
070908/2023-15,Pregão,08/11/2023,24/07/2024,26/07/2024,Homologado,Material,SUINFRA,10/12/2024
070927/2023-33,Pregão,08/11/2023,21/08/2024,21/08/2024,Homologado,Material,SUINFRA,29/4/2025
071246/2023-92,Pregão,09/11/2023,29/12/2023,29/12/2023,Homologado,Material,USUP/ALMOX,22/4/2024
072826/2023-05,Pregão,17/11/2023,18/12/2023,18/12/2023,Homologado,Serviço,PROGRAD,6/3/2024
073274/2023-44,Pregão,20/11/2023,02/04/2024,03/04/2024,Homologado,Serviço,AGTIC,21/6/2024
073398/2023-20,Pregão,21/11/2023,28/11/2023,28/11/2023,Homologado,Serviço,CLIC,8/3/2024
075005/2023-12,Pregão,28/11/2023,19/12/2023,19/12/2023,Homologado,Serviço,SUCOM,24/4/2024
075769/2023-16,Pregão,01/12/2023,29/04/2024,26/04/2024,Homologado,Material,SETOR DE CIÊNCIAS AGRÁRIAS,5/8/2024
077076/2023-50,Pregão,07/12/2023,06/09/2024,10/09/2024,Homologado,Material,SUINFRA,2/6/2025
077682/2023-75,Pregão,12/12/2023,17/01/2024,17/01/2024,Homologado,Serviço,SETOR DE CIÊNCIAS BIOLÓGICAS,22/3/2024
078856/2023-17,Pregão,19/12/2023,07/05/2024,07/05/2024,Homologado,Material,CENTRAN,8/8/2024
000010/2024-52,Pregão,01/01/2024,09/07/2024,24/05/2024,Homologado,Material,UPCL,27/9/2024
000011/2024-05,Pregão,01/01/2024,27/05/2024,24/05/2024,Homologado,Material,UPCL,12/11/2024
000278/2024-94,Pregão,04/01/2024,05/03/2024,05/03/2024,Homologado,Serviço,UPCL,24/6/2024
000279/2024-39,Pregão,04/01/2024,11/03/2024,08/03/2024,Homologado,Serviço,UPCL,24/6/2024
000281/2024-16,Pregão,04/01/2024,28/03/2024,28/03/2024,Homologado,Material,UPCL,16/7/2024
000957/2024-63,Pregão,11/01/2024,02/02/2024,01/02/2024,Homologado,Material,USUP/ALMOX,9/5/2024
003515/2024-79,Pregão,30/01/2024,28/03/2024,28/03/2024,Homologado,Serviço,PRA,12/7/2024
005309/2024-01,Pregão,07/02/2024,17/09/2024,17/09/2024,Homologado,Material,UPCL,11/12/2024
006396/2024-14,Pregão,15/02/2024,15/08/2024,08/08/2024,Homologado,Material,SUINFRA,7/4/2025
006404/2024-14,Pregão,15/02/2024,06/09/2024,09/09/2024,Homologado,Material,SUINFRA,17/3/2025
007318/2024-29,Pregão,20/02/2024,09/07/2024,03/07/2024,Homologado,Material,SETOR DE CIÊNCIAS DA TERRA,5/9/2024
007517/2024-37,Pregão,21/02/2024,26/06/2024,25/06/2024,Homologado,Material,UPCL,12/11/2024
007526/2024-28,Pregão,21/02/2024,27/06/2024,27/06/2024,Homologado,Material,UPCL,19/9/2024
009898/2024-99,Pregão,29/02/2024,04/04/2024,04/04/2024,Homologado,Material,SUINFRA,7/10/2024
010993/2024-35,Pregão,04/03/2024,05/07/2024,05/07/2024,Revogado,Serviço,SUINFRA,20/8/2024
012674/2024-64,Pregão,07/03/2024,29/04/2024,29/04/2024,Homologado,Material,UPCL,4/7/2024
012681/2024-66,Pregão,07/03/2024,13/06/2024,12/06/2024,Homologado,Material,UPCL,12/11/2024
012692/2024-46,Pregão,07/03/2024,01/08/2024,31/07/2024,Homologado,Material,UPCL,11/12/2024
014465/2024-55,Pregão,13/03/2024,27/03/2024,26/03/2024,Homologado,Material,USUP/ALMOX,7/8/2024
015822/2024-01,Pregão,18/03/2024,21/05/2024,23/05/2024,Homologado,Material,SUCOM,30/9/2024
018001/2024-18,Pregão,26/03/2024,12/06/2024,13/06/2024,Revogado,Serviço,AGTIC,26/8/2024
019647/2024-12,Pregão,04/04/2024,08/05/2024,13/05/2024,Homologado,Serviço,AGTIC,15/7/2024
019670/2024-15,Pregão,04/04/2024,28/06/2024,28/06/2024,Homologado,Serviço,UPCL,11/12/2024
020193/2024-22,Pregão,08/04/2024,17/09/2024,17/09/2024,Homologado,Material,UPCL,14/1/2025
020194/2024-77,Pregão,08/04/2024,18/10/2024,17/10/2024,Homologado,Material,UPCL,2/2/2025
020357/2024-11,Pregão,08/04/2024,26/11/2024,16/11/2024,Fracassado,Serviço,SETOR DE CIÊNCIAS BIOLÓGICAS,6/2/2025
020554/2024-31,Pregão,09/04/2024,08/05/2024,07/05/2024,Homologado,Material,USUP/ALMOX,9/8/2024
020857/2024-53,Pregão,10/04/2024,31/07/2024,31/07/2024,Homologado,Material,HOSPITAL VETERINÁRIO DE CURITIBA - SCA,29/10/2024
020978/2024-03,Pregão,10/04/2024,01/08/2024,01/08/2024,Revogado,Serviço,RESTAURANTE UNIVERSITÁRIO,11/11/2024
020855/2024-64,Pregão,10/04/2024,28/08/2024,29/08/2024,Homologado,Material,HOSPITAL VETERINÁRIO DE CURITIBA,5/12/2024
021119/2024-23,Pregão,11/04/2024,21/08/2024,21/08/2024,Homologado,Material,HOSPITAL VETERINÁRIO DE CURITIBA,6/12/2024
021597/2024-33,Pregão,12/04/2024,30/09/2024,30/09/2024,Homologado,Material,BIBLIOTECA CENTRAL,6/12/2024
022618/2024-38,Concorrência,18/04/2024,21/08/2024,20/08/2024,Homologado,Obra,SUINFRA,28/11/2024
024334/2024-86,Pregão,29/04/2024,05/06/2024,05/06/2024,Homologado,Serviço,UPCL,12/8/2024
024332/2024-97,Pregão,29/04/2024,01/10/2024,30/09/2024,Homologado,Material,UPCL,26/3/2025
024333/2024-31,Pregão,29/04/2024,22/11/2024,22/11/2024,Homologado,Material,UPCL,26/3/2025
024558/2024-98,Pregão,30/04/2024,28/05/2024,28/05/2024,Homologado,Material,USUP/ALMOX,17/10/2024
024703/2024-31,Concorrência,01/05/2024,07/11/2024,07/11/2024,Suspenso,Obra,SUINFRA,18/12/2024
024860/2024-46,Pregão,02/05/2024,03/10/2024,09/10/2024,Homologado,Serviço,CENTRO DE ATENÇÃO À SAÚDE ,29/11/2024
026239/2024-17,Pregão,10/05/2024,21/08/2024,22/08/2024,Homologado,Material,SETOR DE CIÊNCIAS AGRÁRIAS,9/12/2024
026400/2024-52,Pregão,10/05/2024,31/08/2024,02/09/2024,Homologado,Material,SETOR DE CIÊNCIAS AGRÁRIAS,31/10/2024
026725/2024-35,Pregão,14/05/2024,14/06/2024,14/06/2024,Homologado,Material,HOSPITAL VETERINÁRIO DE PALOTINA,12/8/2024
030958/2024-32,Pregão,10/06/2024,16/08/2024,07/08/2024,Homologado,Serviço,SUPERINTENDÊNCIA DE PARCERIAS E INOVAÇÃO,18/10/2024
032061/2024-43,Pregão,17/06/2024,05/08/2024,06/08/2024,Homologado,Material,SETOR DE CIÊNCIAS BIOLÓGICAS,17/10/2024
032804/2024-85,Pregão,20/06/2024,26/08/2024,23/08/2024,Homologado,Serviço,CAAST,4/12/2024
036124/2024-31,Pregão,05/07/2024,14/08/2024,14/08/2024,Homologado,Material,UPCL,27/11/2024
040597/2024-32,Pregão,26/07/2024,22/10/2024,23/10/2024,Homologado,Material,SETOR DE CIÊNCIAS BIOLÓGICAS,14/1/2025
040571/2024-94,Pregão,26/07/2024,24/10/2024,29/10/2024,Homologado,Material,SETOR DE CIÊNCIAS BIOLÓGICAS,28/1/2025
042005/2024-17,Pregão,02/08/2024,24/09/2024,24/09/2024,Homologado,Serviço,RESTAURANTE UNIVERSITÁRIO,27/12/2024
020198/2024-55,Pregão,04/08/2024,10/09/2024,10/09/2024,Homologado,Material,UPCL,14/1/2025
042373/2024-65,Pregão,05/08/2024,19/09/2024,20/09/2024,Homologado,Material,UPCL,2/1/2025
042947/2024-03,Pregão,07/08/2024,19/09/2024,17/09/2024,Homologado,Serviço,AGTIC,31/10/2024
045377/2024-03,Pregão,19/08/2024,23/09/2024,23/09/2024,Homologado,Material,UPCL,26/3/2025
045382/2024-16,Pregão,19/08/2024,27/11/2024,27/11/2024,Homologado,Serviço,UPCL,19/3/2025
047739/2024-92,Pregão,28/08/2024,20/12/2024,17/10/2024,Homologado,Material,USUP/ALMOX,14/4/2025
049119/2024-98,Pregão,03/09/2024,30/10/2024,01/11/2024,Homologado,Material,SETOR DE CIÊNCIAS DA SAÚDE,19/3/2025
052678/2024-85,Pregão,15/09/2024,14/10/2024,11/10/2024,Homologado,Material,UPCL,23/1/2025
055629/2024-02,Concorrência,25/09/2024,11/10/2024,11/10/2024,Homologado,Obra,SUINFRA,14/12/2024
056848/2024-09,Pregão,30/09/2024,30/10/2024,29/10/2024,Homologado,Material,USUP/ALMOX,2/2/2025
060831/2024-48,Pregão,15/10/2024,13/11/2024,13/11/2024,Homologado,Material,UPCL,17/3/2025
041394/2019-04,Pregão,17/06/2029,03/04/2020,06/04/2020,Homologado,Serviço,SUINFRA,7/7/2020
